{"train_loss": [2.3028567475931987, 2.301703304052353, 2.299392512866429, 2.29846414072173, 2.2967878878116608, 2.2950302234717777, 2.292803270476205, 2.292519990886961, 2.2907639358724867, 2.289990029164723, 2.2897420738424574, 2.287228230919157, 2.2838475831917355, 2.2846437990665436, 2.2818431300776347, 2.282231880085809, 2.2777859355722154, 2.2787588025842394, 2.277099622147424, 2.2743841409683228, 2.2724635984216417, 2.267129864011492, 2.269157920564924, 2.264942760978426, 2.263124887432371, 2.2633983748299733, 2.2612443694046567, 2.2585262528487613, 2.2540733303342546, 2.2559318585055217, 2.24774831533432, 2.2444409174578532, 2.243995500462396, 2.2408358539853777, 2.233862502234323, 2.235763588121959, 2.229601114988327, 2.230766624212265, 2.226335802248546, 2.222546875476837, 2.218123299734933, 2.2170732957976207, 2.214746879679816, 2.212328152997153, 2.2033396703856334, 2.206032923289708, 2.1986654230526517, 2.195162764617375, 2.1979711524077823, 2.1997610053845813], "val_loss": [2.3015262484550476, 2.299271821975708, 2.2972397208213806, 2.295333425203959, 2.2933326363563538, 2.291336258252462, 2.288963953653971, 2.286872128645579, 2.2850730617841086, 2.283152480920156, 2.2814297874768577, 2.2794708013534546, 2.2769628961881003, 2.2746723294258118, 2.272081196308136, 2.270492990811666, 2.266976753870646, 2.26468418041865, 2.2622875968615213, 2.2594878872235618, 2.2555611530939736, 2.2521998286247253, 2.249332090218862, 2.246184299389521, 2.242519438266754, 2.24003529548645, 2.23781023422877, 2.234957277774811, 2.230120857556661, 2.2281611363093057, 2.2238486409187317, 2.2204092840353646, 2.2187448541323342, 2.214565634727478, 2.210012137889862, 2.209978014230728, 2.205044607321421, 2.2045884231726327, 2.202253609895706, 2.198448956012726, 2.1960448622703552, 2.193129469950994, 2.1914632320404053, 2.1899409890174866, 2.1865741113821664, 2.187369555234909, 2.1833689312140145, 2.1819094816843667, 2.1858782370885215, 2.179975618918737], "train_acc": [0.09513150900602341, 0.10576385259628296, 0.11751539260149002, 0.12702853977680206, 0.11863458156585693, 0.1264689415693283, 0.13374370336532593, 0.13374370336532593, 0.13262450695037842, 0.13822047412395477, 0.1365416944026947, 0.1454952508211136, 0.15109121799468994, 0.1477336287498474, 0.14381645619869232, 0.14717403054237366, 0.15612758696079254, 0.1555679887533188, 0.1516508162021637, 0.15500839054584503, 0.15612758696079254, 0.1555679887533188, 0.15892557799816132, 0.15612758696079254, 0.16396194696426392, 0.16340234875679016, 0.15332959592342377, 0.15892557799816132, 0.16843871772289276, 0.16843871772289276, 0.16620033979415894, 0.16564074158668518, 0.17347510159015656, 0.16508114337921143, 0.19529938697814941, 0.1729155033826828, 0.18242865800857544, 0.18074986338615417, 0.18746502697467804, 0.18858422338962555, 0.1880246251821518, 0.19138219952583313, 0.1992165595293045, 0.19362059235572815, 0.20257414877414703, 0.1941801905632019, 0.1941801905632019, 0.1992165595293045, 0.20089535415172577, 0.19977615773677826], "val_acc": [0.08661417663097382, 0.12598425149917603, 0.11548556387424469, 0.11811023950576782, 0.1312336027622223, 0.16010499000549316, 0.16535432636737823, 0.1706036776304245, 0.17322835326194763, 0.16797900199890137, 0.16797900199890137, 0.16797900199890137, 0.16797900199890137, 0.1627296656370163, 0.1784776896238327, 0.1863517016172409, 0.16797900199890137, 0.19160105288028717, 0.19160105288028717, 0.19160105288028717, 0.1942257285118103, 0.19160105288028717, 0.19685038924217224, 0.19160105288028717, 0.19685038924217224, 0.19685038924217224, 0.1942257285118103, 0.19160105288028717, 0.19947506487369537, 0.20472441613674164, 0.2099737524986267, 0.19947506487369537, 0.1942257285118103, 0.19947506487369537, 0.1942257285118103, 0.19685038924217224, 0.18897637724876404, 0.19947506487369537, 0.19947506487369537, 0.18372704088687897, 0.1942257285118103, 0.19947506487369537, 0.19160105288028717, 0.19160105288028717, 0.2020997405052185, 0.19160105288028717, 0.19160105288028717, 0.19685038924217224, 0.18110236525535583, 0.20472441613674164]}