{"train_loss": [2.301244135413851, 2.293857502085822, 2.282778888940811, 2.2760833629540036, 2.2672442538397655, 2.2635203514780318, 2.257634993110384, 2.2456395838941847, 2.241871041910989, 2.2442550531455447, 2.224656786237444, 2.215567801679884, 2.2199457117489407, 2.207711543355669, 2.191335908004216, 2.184955430882318, 2.1901427464825765, 2.1758943349123, 2.1730285797800337, 2.1407068244048526, 2.135491364768573, 2.1409503051212857, 2.131993908967291, 2.1264651651893343, 2.098575051341738, 2.1192299276590347, 2.0960498409611836, 2.0886154174804688, 2.0622211354119435, 2.039370745420456, 2.0209904270512715, 2.0096316018274853, 1.9970983586141042, 1.983627004282815, 1.9812926607472556, 1.939197993704251, 1.9617321129356111, 1.9373172734464918, 1.9059797333819526, 1.8645062787192208, 1.8789890153067452, 1.8539277932473592, 1.839214386684554, 1.8084264674357005, 1.7759336467300142, 1.7516117713281087, 1.7403413632086344, 1.7045505834477288, 1.664857132094247, 1.6362121935401643, 1.6164788476058416, 1.635083726474217, 1.5564253798552923, 1.5526676667588097, 1.5101067168372018, 1.4842833472149712, 1.4857455044984818, 1.423227874296052, 1.4017884688717979, 1.3759316418852126, 1.3568292238882609, 1.2850897163152695, 1.2932210585900716, 1.2947167637092727, 1.2099077360970634, 1.2162257677742414, 1.1586920725447791, 1.192236986543451, 1.1214722895196505, 1.09615807980299, 1.0515564658812113, 1.051722716007914, 1.037884186421122, 0.9594721799450261, 0.9583404202546392, 0.9067929929920605, 0.9062125310301781, 0.9091192824499947, 0.8454458000404494, 0.8863880666238921], "val_loss": [2.2924280762672424, 2.2773107290267944, 2.2542848189671836, 2.2432873447736106, 2.251447210709254, 2.2305976947148642, 2.2234736680984497, 2.2276871601740518, 2.222673455874125, 2.186685472726822, 2.188405821720759, 2.1809388299783072, 2.1832509338855743, 2.1630427141984305, 2.162264178196589, 2.195599317550659, 2.170460820198059, 2.1473013957341514, 2.14306511481603, 2.145064194997152, 2.1370264987150827, 2.121065467596054, 2.137682249148687, 2.155970732371012, 2.1638342142105103, 2.1681428651014962, 2.131680448849996, 2.1311118503411612, 2.1652448773384094, 2.1221618553002677, 2.163759768009186, 2.1216288109620414, 2.1523520151774087, 2.145552635192871, 2.127498904863993, 2.1308169960975647, 2.1499932408332825, 2.1475943525632224, 2.129073609908422, 2.1862528026103973, 2.145166258017222, 2.168985883394877, 2.169866363207499, 2.1218893826007843, 2.166502366463343, 2.176312357187271, 2.1557186047236123, 2.2134863336881003, 2.197586417198181, 2.253132234017054, 2.251464625199636, 2.234571397304535, 2.272666354974111, 2.244897405306498, 2.3862457474072776, 2.300683836142222, 2.298517107963562, 2.450673838456472, 2.3471986750761666, 2.4000829557577767, 2.403387278318405, 2.4412318070729575, 2.6184261242548623, 2.5118896067142487, 2.5102073152860007, 2.586446225643158, 2.573339432477951, 2.4853901664415994, 2.5094087322553, 2.6918406585852304, 2.764029343922933, 2.626426915327708, 2.6047015388806662, 3.0184967319170632, 2.7545048197110495, 2.7580878734588623, 2.8408095141251883, 2.901400794585546, 2.885748336712519, 2.969460447629293], "train_acc": [0.11807498335838318, 0.12870733439922333, 0.1404588669538498, 0.1426972597837448, 0.14493565261363983, 0.1566871851682663, 0.1527700126171112, 0.17627307772636414, 0.1779518723487854, 0.16620033979415894, 0.19977615773677826, 0.19585898518562317, 0.19250139594078064, 0.20481254160404205, 0.20481254160404205, 0.20145495235919952, 0.20089535415172577, 0.21600447595119476, 0.21208730340003967, 0.23055399954319, 0.22999440133571625, 0.23335199058055878, 0.2243984341621399, 0.2243984341621399, 0.24006715416908264, 0.2255176305770874, 0.24342472851276398, 0.24342472851276398, 0.2641298174858093, 0.26748740673065186, 0.2870733141899109, 0.26524901390075684, 0.28651371598243713, 0.30274203419685364, 0.2954672574996948, 0.31393396854400635, 0.30162283778190613, 0.31785115599632263, 0.3374370336532593, 0.3184107542037964, 0.32904309034347534, 0.36149972677230835, 0.353105753660202, 0.36149972677230835, 0.365976482629776, 0.38052603602409363, 0.39395636320114136, 0.41410183906555176, 0.4057078957557678, 0.42529380321502686, 0.4325685501098633, 0.4297705590724945, 0.46782317757606506, 0.44320088624954224, 0.473978728055954, 0.4672635793685913, 0.4846110939979553, 0.5193061232566833, 0.5215445160865784, 0.5226636528968811, 0.5400111675262451, 0.5556799173355103, 0.5461667776107788, 0.5573586821556091, 0.5713486075401306, 0.5853385329246521, 0.6021264791488647, 0.5954113006591797, 0.6155567765235901, 0.6312255263328552, 0.6295467019081116, 0.6429770588874817, 0.6519306302070618, 0.6659205555915833, 0.6698377132415771, 0.6989367604255676, 0.6927812099456787, 0.6916620135307312, 0.7257974147796631, 0.6950196027755737], "val_acc": [0.14435695111751556, 0.16535432636737823, 0.19160105288028717, 0.19160105288028717, 0.14960630238056183, 0.1706036776304245, 0.1863517016172409, 0.1942257285118103, 0.16010499000549316, 0.18372704088687897, 0.20734907686710358, 0.2020997405052185, 0.19947506487369537, 0.21259842813014984, 0.2257217913866043, 0.1784776896238327, 0.2178477644920349, 0.21522310376167297, 0.22309711575508118, 0.2178477644920349, 0.21522310376167297, 0.24409449100494385, 0.20472441613674164, 0.22834645211696625, 0.19947506487369537, 0.19947506487369537, 0.24671916663646698, 0.2257217913866043, 0.2020997405052185, 0.22834645211696625, 0.2178477644920349, 0.23097112774848938, 0.22309711575508118, 0.21522310376167297, 0.23622047901153564, 0.25196850299835205, 0.2099737524986267, 0.2178477644920349, 0.23622047901153564, 0.23097112774848938, 0.23622047901153564, 0.22309711575508118, 0.2257217913866043, 0.2178477644920349, 0.22834645211696625, 0.254593163728714, 0.23622047901153564, 0.22309711575508118, 0.2703412175178528, 0.22047244012355804, 0.1942257285118103, 0.24671916663646698, 0.2257217913866043, 0.23884513974189758, 0.20472441613674164, 0.24146981537342072, 0.23097112774848938, 0.21522310376167297, 0.22047244012355804, 0.2808398902416229, 0.2335958033800125, 0.22309711575508118, 0.2335958033800125, 0.23097112774848938, 0.24409449100494385, 0.24934382736682892, 0.24934382736682892, 0.20734907686710358, 0.25984251499176025, 0.24671916663646698, 0.2178477644920349, 0.2099737524986267, 0.2729658782482147, 0.22047244012355804, 0.24934382736682892, 0.25984251499176025, 0.23097112774848938, 0.2335958033800125, 0.254593163728714, 0.2650918662548065]}