{"train_loss": [2.301090968506677, 2.293728824172701, 2.281764962843486, 2.274146544081824, 2.2666030483586446, 2.2578761960778917, 2.2451504979814803, 2.239933980362756, 2.232991316488811, 2.2205046074731007, 2.2144766449928284, 2.208577330623354, 2.2029885053634644, 2.193272441625595, 2.1781511349337443, 2.159848596368517, 2.164381206035614, 2.1367835445063457, 2.123579668147223, 2.1269542979342595, 2.08215440596853, 2.0846613560404097, 2.0602989750249043, 2.0441546716860364, 2.013300842472485, 1.994398063846997, 1.9572724082640238, 1.9439561877931868, 1.888702665056501, 1.8632003324372428, 1.8226860421044486, 1.8068316664014543, 1.7281348705291748, 1.673356558595385, 1.6827342403786523, 1.5907581959451949, 1.5316690717424666, 1.4581282351698195, 1.3794400883572442, 1.3242893378649438, 1.222674663577761, 1.203468261020524, 1.18143207686288, 1.0717913274254118, 0.9809741792934281, 0.9130162713783128, 0.9202910959720612, 0.8912941259997231, 0.7778443220470633, 0.6983946934342384], "val_loss": [2.2910949190457663, 2.279982010523478, 2.2541048924128213, 2.248378495375315, 2.2442737420399985, 2.2279557387034097, 2.208659748236338, 2.2093916535377502, 2.195802609125773, 2.198970297972361, 2.2128326694170632, 2.212193747361501, 2.194430967171987, 2.194597214460373, 2.1858168045679727, 2.183766186237335, 2.1732572118441262, 2.163721591234207, 2.183215161164602, 2.1510110894838967, 2.1566002368927, 2.156784305969874, 2.1817784508069358, 2.137675126393636, 2.1627625226974487, 2.1734705368677774, 2.189195225636164, 2.1805246869723, 2.2024897833665213, 2.1750999291737876, 2.1931652824083963, 2.2005436023076377, 2.2847230633099875, 2.259489744901657, 2.2363231678803763, 2.2618473867575326, 2.2966431776682534, 2.405006686846415, 2.372501770655314, 2.3788918256759644, 2.5560418367385864, 2.4917911092440286, 2.4319406549135842, 2.61872398853302, 2.6288679242134094, 2.876805901527405, 3.035067001978556, 3.1336877942085266, 3.0617578426996865, 3.1053682764371238], "train_acc": [0.10576385259628296, 0.12311135977506638, 0.13318410515785217, 0.1527700126171112, 0.1555679887533188, 0.16396194696426392, 0.16955791413784027, 0.17627307772636414, 0.16899831593036652, 0.18130946159362793, 0.19977615773677826, 0.18130946159362793, 0.19641858339309692, 0.2081701159477234, 0.2031337469816208, 0.21824286878108978, 0.2092893123626709, 0.23111359775066376, 0.23614996671676636, 0.22887520492076874, 0.24342472851276398, 0.26860660314559937, 0.26748740673065186, 0.2691662013530731, 0.2781197428703308, 0.28483492136001587, 0.3223279118537903, 0.31393396854400635, 0.34023502469062805, 0.3631785213947296, 0.3598209321498871, 0.36653608083724976, 0.39899271726608276, 0.42025741934776306, 0.4163402318954468, 0.4426412880420685, 0.46670398116111755, 0.5002797842025757, 0.5103525519371033, 0.5545607209205627, 0.5780637860298157, 0.5775042176246643, 0.5965304970741272, 0.6385002732276917, 0.6709569096565247, 0.6827084422111511, 0.6894236207008362, 0.6961387991905212, 0.7375489473342896, 0.7700055837631226], "val_acc": [0.11811023950576782, 0.1706036776304245, 0.16535432636737823, 0.16010499000549316, 0.19160105288028717, 0.1942257285118103, 0.18372704088687897, 0.1784776896238327, 0.2099737524986267, 0.19947506487369537, 0.1784776896238327, 0.15748031437397003, 0.18897637724876404, 0.1784776896238327, 0.16797900199890137, 0.19160105288028717, 0.1863517016172409, 0.22309711575508118, 0.21522310376167297, 0.2099737524986267, 0.18897637724876404, 0.2099737524986267, 0.18897637724876404, 0.2099737524986267, 0.2257217913866043, 0.2178477644920349, 0.22047244012355804, 0.20734907686710358, 0.1942257285118103, 0.2178477644920349, 0.22047244012355804, 0.2257217913866043, 0.20734907686710358, 0.2257217913866043, 0.22047244012355804, 0.2335958033800125, 0.21259842813014984, 0.2178477644920349, 0.24671916663646698, 0.21522310376167297, 0.23622047901153564, 0.22309711575508118, 0.21259842813014984, 0.24146981537342072, 0.23622047901153564, 0.24409449100494385, 0.21259842813014984, 0.22309711575508118, 0.2257217913866043, 0.20734907686710358]}