{"train_loss": [2.301409052950995, 2.294980674982071, 2.2844218058245525, 2.27095918570246, 2.2753543938909258, 2.2621240658419475, 2.2524117827415466, 2.2461310795375278, 2.232138523033687, 2.2220150189740315, 2.2087771083627428, 2.2141956303800856, 2.1984093572412218, 2.1822691495929445, 2.197418693985258, 2.170885675719806, 2.1585966795682907, 2.1411475794655934, 2.1436526541199004, 2.1234636370624815, 2.119318817343031, 2.0956661232880185, 2.0734781537737166, 2.06839377113751, 2.051150383693831, 2.049891831619399, 2.0083141795226505, 2.0044326718364442, 1.9798450384821211, 1.9739601910114288, 1.9514875560998917, 1.922639167734555, 1.919422251837594, 1.8703793904611044, 1.8301002638680595, 1.8106446585484914, 1.7847278820616859, 1.788915712918554, 1.7234773295266288, 1.7213209058557237, 1.6602038166352682, 1.6463760414293833, 1.6370874856199538, 1.5955104615007127, 1.5309060833283834, 1.4690544179507665, 1.4709212141377586, 1.4179814841066087, 1.338048297379698, 1.3277074449828692], "val_loss": [2.2931807041168213, 2.2832500338554382, 2.2591556906700134, 2.2435428500175476, 2.2460681994756064, 2.236802021662394, 2.2196465730667114, 2.2127740184466043, 2.2246245443820953, 2.1787078082561493, 2.1991649766763053, 2.1792385081450143, 2.164409468571345, 2.1821942031383514, 2.1638198594252267, 2.173161824544271, 2.1495814621448517, 2.147719313700994, 2.188790222009023, 2.173242767651876, 2.1250377893447876, 2.120308299859365, 2.1375914414723716, 2.1234804491202035, 2.116481433312098, 2.1267587145169577, 2.16313573718071, 2.129088352123896, 2.1195797423521676, 2.1638006965319314, 2.116610328356425, 2.169258485237757, 2.1777272522449493, 2.1529891391595206, 2.206891099611918, 2.1534080108006797, 2.178410053253174, 2.201242615779241, 2.262845595677694, 2.2898655434449515, 2.293691207965215, 2.231239765882492, 2.3094303409258523, 2.2108839750289917, 2.320059229930242, 2.3259910345077515, 2.3350712060928345, 2.343676447868347, 2.4306833744049072, 2.414413849512736], "train_acc": [0.0940123125910759, 0.13374370336532593, 0.14717403054237366, 0.1477336287498474, 0.14213766157627106, 0.15332959592342377, 0.16396194696426392, 0.18242865800857544, 0.17515389621257782, 0.17963066697120667, 0.18522663414478302, 0.18466703593730927, 0.19753777980804443, 0.19473978877067566, 0.19865696132183075, 0.21600447595119476, 0.21600447595119476, 0.2355903685092926, 0.22104084491729736, 0.23223279416561127, 0.23223279416561127, 0.25349748134613037, 0.2529378831386566, 0.2630106210708618, 0.2758813798427582, 0.27476218342781067, 0.2809177339076996, 0.2971460521221161, 0.28875210881233215, 0.30665919184684753, 0.3010632395744324, 0.31785115599632263, 0.3184107542037964, 0.3407946228981018, 0.34415221214294434, 0.36261892318725586, 0.3771684467792511, 0.3631785213947296, 0.40514829754829407, 0.3844431936740875, 0.413542240858078, 0.42137661576271057, 0.42137661576271057, 0.4420816898345947, 0.46278679370880127, 0.4946838319301605, 0.4963626265525818, 0.5170677304267883, 0.5349748134613037, 0.5400111675262451], "val_acc": [0.11811023950576782, 0.16010499000549316, 0.1784776896238327, 0.1784776896238327, 0.16010499000549316, 0.19685038924217224, 0.17322835326194763, 0.19685038924217224, 0.1706036776304245, 0.20472441613674164, 0.17322835326194763, 0.1942257285118103, 0.19160105288028717, 0.21259842813014984, 0.21522310376167297, 0.21522310376167297, 0.22047244012355804, 0.23622047901153564, 0.21259842813014984, 0.21259842813014984, 0.22834645211696625, 0.23622047901153564, 0.24146981537342072, 0.2335958033800125, 0.25984251499176025, 0.24934382736682892, 0.2257217913866043, 0.25196850299835205, 0.2335958033800125, 0.2335958033800125, 0.2703412175178528, 0.23097112774848938, 0.21259842813014984, 0.2335958033800125, 0.23622047901153564, 0.22047244012355804, 0.23884513974189758, 0.24146981537342072, 0.24146981537342072, 0.24409449100494385, 0.2099737524986267, 0.22834645211696625, 0.22834645211696625, 0.24934382736682892, 0.23622047901153564, 0.24409449100494385, 0.24671916663646698, 0.24934382736682892, 0.23622047901153564, 0.28346458077430725]}