{"train_loss": [2.3037417360714505, 2.3002462344510213, 2.29520577618054, 2.2870524057320187, 2.2775986790657043, 2.266087293624878, 2.2647751910345897, 2.2452210741383687, 2.2318072063582286, 2.2387812861374448, 2.2319709743772234, 2.206314985241209, 2.2015784638268605, 2.179330357483455, 2.167429640889168, 2.1592270135879517, 2.144481516310147, 2.127239086798259, 2.133281892963818, 2.1039398099694933, 2.086314618587494, 2.0689680384738103, 2.039458770837103, 2.024824238249234, 1.9990808133568083, 1.982910624572209, 1.9523447751998901, 1.917078041604587, 1.8663426403488432, 1.866371186716216, 1.8245512353522437, 1.805689302938325, 1.7622860648802348, 1.7126773744821548, 1.6994098659072603, 1.6009630837610789, 1.62298669559615, 1.5667073386056083, 1.5565213816506522, 1.4566825489912714, 1.4730997532606125, 1.3874001524278097, 1.3264238387346268, 1.2893786132335663, 1.2575490144746644, 1.2500818446278572, 1.2644869951265199, 1.151088653930596, 1.1163910212261337, 1.0529828539916448, 1.0334852987102099, 1.055654144712857, 1.0192421632153648, 0.9328325177942004, 0.9449007319552558, 0.8793180148516383, 0.8423759165619101, 0.9021419637969562, 0.8673971518874168, 0.7064371071755886, 0.7885419683797019, 0.6525212462459292, 0.694357445197446, 0.6344509550503322, 0.6075448420430932, 0.5841755217739514, 0.5484353309231145, 0.5517834699047464, 0.5435395003961665, 0.5475038635943618, 0.5240159375326974, 0.5289218188928706, 0.5591030642390251, 0.43917519306497915, 0.492895477318338, 0.600771482235619, 0.45722527895122766, 0.45138489215501715, 0.38267211083854946, 0.4862855899014643], "val_loss": [2.298220455646515, 2.289687752723694, 2.2825315395991006, 2.2601834336916604, 2.2533887227376304, 2.2315887014071145, 2.2204794585704803, 2.202253520488739, 2.2337878743807473, 2.2020837863286338, 2.198564350605011, 2.1886261105537415, 2.1897059281667075, 2.182469427585602, 2.160938243071238, 2.172759155432383, 2.172303477923075, 2.17166276772817, 2.172945578893026, 2.177452474832535, 2.186937024195989, 2.156953811645508, 2.1878722111384072, 2.1308412750562034, 2.171697755654653, 2.1513785421848297, 2.2072165807088218, 2.19182159503301, 2.1956703066825867, 2.15973307689031, 2.265198757251104, 2.2100537518660226, 2.3333098789056144, 2.3168577750523887, 2.2445421516895294, 2.400910904010137, 2.3002319435278573, 2.4884368975957236, 2.321300764878591, 2.4406391978263855, 2.459759851296743, 2.5337171455224357, 2.6948183178901672, 2.828560322523117, 2.6081832945346832, 2.8749801317850747, 2.516357958316803, 2.834492027759552, 2.733113278945287, 2.9841578205426535, 2.9706427256266275, 2.779892772436142, 2.966080834468206, 3.1935658057530723, 2.9729528725147247, 3.062928318977356, 3.705118417739868, 3.0799537698427835, 3.122369647026062, 3.5758530298868814, 3.413987457752228, 3.75875586271286, 3.417562107245127, 3.641151487827301, 3.78490948677063, 3.5610647002855935, 3.760465383529663, 3.626583913962046, 3.880806823571523, 4.019239246845245, 4.063553909460704, 3.927490254243215, 4.109562675158183, 4.195163468519847, 4.466799000898997, 3.9777645071347556, 4.317423065503438, 4.350507756074269, 4.51747739315033, 4.021317144234975], "train_acc": [0.10072747617959976, 0.12702853977680206, 0.14213766157627106, 0.1505316197872162, 0.15109121799468994, 0.15724678337574005, 0.16116395592689514, 0.16955791413784027, 0.19250139594078064, 0.16731953620910645, 0.19362059235572815, 0.18858422338962555, 0.19194179773330688, 0.22383883595466614, 0.21768327057361603, 0.2255176305770874, 0.2395075559616089, 0.24118635058403015, 0.2467823177576065, 0.24118635058403015, 0.25517627596855164, 0.2680470049381256, 0.28371572494506836, 0.27867934107780457, 0.28259652853012085, 0.2971460521221161, 0.3167319595813751, 0.3357582688331604, 0.3486289978027344, 0.3407946228981018, 0.3581421375274658, 0.368214875459671, 0.3883603811264038, 0.396194726228714, 0.4174594283103943, 0.44320088624954224, 0.4398433268070221, 0.463346391916275, 0.4683827757835388, 0.5125909447669983, 0.5047565698623657, 0.5249020457267761, 0.5411303639411926, 0.5461667776107788, 0.5786234140396118, 0.5730274319648743, 0.5707890391349792, 0.6116396188735962, 0.6289871335029602, 0.6519306302070618, 0.6474538445472717, 0.6463346481323242, 0.6648013591766357, 0.6675993204116821, 0.68886399269104, 0.6939004063606262, 0.7241186499595642, 0.6994963884353638, 0.7123671174049377, 0.7733631730079651, 0.734191358089447, 0.7705652117729187, 0.7576944828033447, 0.7890319228172302, 0.7957470417022705, 0.8058198094367981, 0.8265249133110046, 0.816452145576477, 0.8175713419914246, 0.8136541843414307, 0.827084481716156, 0.8192501664161682, 0.8220481276512146, 0.8634583353996277, 0.8332400918006897, 0.8052602410316467, 0.855064332485199, 0.8522663712501526, 0.8740906715393066, 0.8483492136001587], "val_acc": [0.13648293912410736, 0.16010499000549316, 0.14435695111751556, 0.15223097801208496, 0.15748031437397003, 0.17322835326194763, 0.16797900199890137, 0.18110236525535583, 0.14960630238056183, 0.19685038924217224, 0.17322835326194763, 0.1548556387424469, 0.1863517016172409, 0.18110236525535583, 0.22047244012355804, 0.20472441613674164, 0.20734907686710358, 0.21259842813014984, 0.20734907686710358, 0.2099737524986267, 0.1942257285118103, 0.18372704088687897, 0.19160105288028717, 0.21522310376167297, 0.22834645211696625, 0.22834645211696625, 0.22834645211696625, 0.23622047901153564, 0.21259842813014984, 0.2335958033800125, 0.22047244012355804, 0.22309711575508118, 0.18372704088687897, 0.21522310376167297, 0.21522310376167297, 0.2257217913866043, 0.19947506487369537, 0.2099737524986267, 0.23884513974189758, 0.20472441613674164, 0.2099737524986267, 0.19947506487369537, 0.22309711575508118, 0.22834645211696625, 0.21259842813014984, 0.2178477644920349, 0.22047244012355804, 0.2335958033800125, 0.17322835326194763, 0.22834645211696625, 0.22309711575508118, 0.23884513974189758, 0.19947506487369537, 0.2020997405052185, 0.25196850299835205, 0.24671916663646698, 0.24409449100494385, 0.22047244012355804, 0.23884513974189758, 0.23622047901153564, 0.20734907686710358, 0.22834645211696625, 0.2178477644920349, 0.22047244012355804, 0.1942257285118103, 0.2178477644920349, 0.24671916663646698, 0.22047244012355804, 0.22834645211696625, 0.23097112774848938, 0.24409449100494385, 0.22309711575508118, 0.2257217913866043, 0.21259842813014984, 0.2178477644920349, 0.20472441613674164, 0.19947506487369537, 0.22834645211696625, 0.2335958033800125, 0.19160105288028717]}