{"train_loss": [2.3010525362832204, 2.294054376227515, 2.29138914176396, 2.283759125641414, 2.278290322848729, 2.265544350658144, 2.2648235048566545, 2.2572935734476363, 2.2413216403552463, 2.2442718744277954, 2.2345414885452817, 2.2226243785449435, 2.216732774462019, 2.202461851494653, 2.2080293936388835, 2.1814142061131343, 2.1842257848807742, 2.1772355266979764, 2.1741865405014584, 2.1674144864082336, 2.14470422906535, 2.144076164279665, 2.122281755719866, 2.112111134188516, 2.095144201602255, 2.0922884536640987, 2.067799212677138, 2.0567251507725035, 2.0455629229545593, 2.0464302791016444, 1.9990804557289397, 2.0104159989527295, 1.991412456546511, 1.9614167915923255, 1.942362246768815, 1.9383231018270766, 1.9261179098061152, 1.899426696555955, 1.9144709727593832, 1.8647439437253135, 1.824900092823165, 1.8151809062276567, 1.8101793846913747, 1.754456096461841, 1.7305552405970437, 1.718126050063542, 1.6886072669710432, 1.6533529226269041, 1.6638577112129755, 1.6722479207175118, 1.5964908323117666, 1.5584816485643387, 1.561059179050582, 1.5176958122423716, 1.487652525305748, 1.447552123240062, 1.4353404651795114, 1.3591459819248743, 1.384171656199864, 1.4037833171231406, 1.3191973545721598, 1.2890278015817915, 1.2586304023861885, 1.3352506714207786, 1.2698820126908166, 1.1476885442222868, 1.1167692041822843, 1.1550119508590018, 1.095604094011443, 1.1384113750287466, 1.066736834389823, 1.0314488453524453, 1.0590956690055984, 0.9541161007114819, 0.9469307474792004, 0.9987043057169233, 0.9694951730115073, 0.8878193667956761, 0.9057024525744575, 0.9432159342936107], "val_loss": [2.292077660560608, 2.284963687260946, 2.2782867153485618, 2.259207079807917, 2.2556161880493164, 2.2339373230934143, 2.2257792949676514, 2.218124677737554, 2.2319170335928598, 2.215260704358419, 2.204935630162557, 2.193360964457194, 2.1915232241153717, 2.1842778821786246, 2.1631732185681662, 2.168851931889852, 2.1640778680642447, 2.166824628909429, 2.1625786423683167, 2.1421520113945007, 2.1587370236714682, 2.1373734871546426, 2.141486942768097, 2.1491799553235373, 2.1421119769414267, 2.1243085066477456, 2.12014506260554, 2.130909542242686, 2.157070904970169, 2.112773368755976, 2.157578150431315, 2.1099570790926614, 2.105707655350367, 2.1418415009975433, 2.1121399203936257, 2.16559898853302, 2.112904896338781, 2.1567072371641793, 2.118996481100718, 2.147523413101832, 2.1662192145983377, 2.20558692018191, 2.179142306248347, 2.2082743843396506, 2.2083512445290885, 2.2722084124883017, 2.2299655973911285, 2.2391949395338693, 2.217804769674937, 2.204968899488449, 2.274601916472117, 2.2317228515942893, 2.3503208259741464, 2.3164696196715036, 2.3419330716133118, 2.39695010582606, 2.3805236717065177, 2.55985434850057, 2.4116773108641305, 2.406126389900843, 2.3571828405062356, 2.499955952167511, 2.56465091307958, 2.492300033569336, 2.5682546695073447, 2.6139984329541526, 2.644335856040319, 2.642871697743734, 2.7470922072728476, 2.622800042231878, 2.724190135796865, 2.6064844330151877, 2.673701216777166, 2.928046335776647, 2.7992177605628967, 2.787648836771647, 2.8736328879992166, 2.954698314269384, 2.9021015763282776, 2.9381869733333588], "train_acc": [0.10128707438707352, 0.1253497451543808, 0.1365416944026947, 0.1354224979877472, 0.1466144323348999, 0.14325685799121857, 0.15332959592342377, 0.16564074158668518, 0.1617235541343689, 0.16731953620910645, 0.18130946159362793, 0.17571347951889038, 0.1841074377298355, 0.20145495235919952, 0.18522663414478302, 0.20033575594425201, 0.22160044312477112, 0.20705091953277588, 0.21152770519256592, 0.21096810698509216, 0.2367095649242401, 0.22495803236961365, 0.23279239237308502, 0.245663121342659, 0.26357021927833557, 0.26021265983581543, 0.2529378831386566, 0.2680470049381256, 0.2792389392852783, 0.2742025852203369, 0.28875210881233215, 0.2708449959754944, 0.3044208288192749, 0.3083379864692688, 0.30889758467674255, 0.3256855010986328, 0.3234471082687378, 0.33519867062568665, 0.34750980138778687, 0.35534414649009705, 0.3687744736671448, 0.37381085753440857, 0.3570229411125183, 0.4001119136810303, 0.3883603811264038, 0.4023503065109253, 0.4034695029258728, 0.415780633687973, 0.4062674939632416, 0.41913822293281555, 0.43424734473228455, 0.4532736539840698, 0.4639059901237488, 0.4700615704059601, 0.478455513715744, 0.5159485340118408, 0.5103525519371033, 0.5277000665664673, 0.5366536378860474, 0.5176272988319397, 0.5461667776107788, 0.5573586821556091, 0.5752658247947693, 0.5472859740257263, 0.5579183101654053, 0.6149972081184387, 0.6278679370880127, 0.5942921042442322, 0.6233911514282227, 0.6183547973632812, 0.6429770588874817, 0.6496922373771667, 0.6401790976524353, 0.6681589484214783, 0.6771124601364136, 0.6664801239967346, 0.6787912845611572, 0.7118074893951416, 0.68886399269104, 0.6776720881462097], "val_acc": [0.1391076147556305, 0.16797900199890137, 0.12598425149917603, 0.1706036776304245, 0.1469816267490387, 0.16535432636737823, 0.19160105288028717, 0.16797900199890137, 0.14960630238056183, 0.19160105288028717, 0.19685038924217224, 0.19947506487369537, 0.18110236525535583, 0.18372704088687897, 0.21522310376167297, 0.1784776896238327, 0.19947506487369537, 0.20472441613674164, 0.21259842813014984, 0.22047244012355804, 0.2099737524986267, 0.20734907686710358, 0.2020997405052185, 0.2178477644920349, 0.22834645211696625, 0.23097112774848938, 0.22309711575508118, 0.20734907686710358, 0.22834645211696625, 0.22047244012355804, 0.23097112774848938, 0.25196850299835205, 0.27559053897857666, 0.23097112774848938, 0.2257217913866043, 0.21522310376167297, 0.21522310376167297, 0.21259842813014984, 0.22834645211696625, 0.2335958033800125, 0.25196850299835205, 0.21259842813014984, 0.2257217913866043, 0.2335958033800125, 0.22047244012355804, 0.24934382736682892, 0.20734907686710358, 0.2178477644920349, 0.22834645211696625, 0.24671916663646698, 0.2257217913866043, 0.2257217913866043, 0.23097112774848938, 0.23097112774848938, 0.22309711575508118, 0.2572178542613983, 0.22309711575508118, 0.2335958033800125, 0.24671916663646698, 0.24409449100494385, 0.22047244012355804, 0.2650918662548065, 0.23884513974189758, 0.2335958033800125, 0.25984251499176025, 0.2257217913866043, 0.2335958033800125, 0.23097112774848938, 0.254593163728714, 0.24146981537342072, 0.254593163728714, 0.19947506487369537, 0.24934382736682892, 0.23622047901153564, 0.2703412175178528, 0.24934382736682892, 0.22309711575508118, 0.26771652698516846, 0.24146981537342072, 0.23622047901153564]}