{"train_loss": [2.304462913955961, 2.2995749413967133, 2.2975590527057648, 2.290286583559854, 2.284387469291687, 2.270953459399087, 2.2716962354523793, 2.2611165046691895, 2.2494522418294634, 2.2525666696684703, 2.2433700561523438, 2.2323047816753387, 2.222987268652235, 2.2128296494483948, 2.213708375181471, 2.1868275105953217, 2.189726554921695, 2.181364514998027, 2.179196332182203, 2.172442908797945, 2.154294320515224, 2.1484556836741313, 2.130498918039458, 2.1208669458116804, 2.109292149543762, 2.1008863087211336, 2.07099027293069, 2.073501082403319, 2.0540039581911906, 2.0477170028856824, 2.0129252608333315, 2.0147779477494105, 2.0003863679511205, 1.9600257128477097, 1.952505356499127, 1.9612150532858712, 1.9124584112848555, 1.890070112688201, 1.8919817038944788, 1.8530294511999403, 1.8465258521693093, 1.8266582999910628, 1.7738488508122308, 1.7392164745501109, 1.7153708317450114, 1.7678850016423635, 1.674308372395379, 1.629642277956009, 1.6455836296081543, 1.6388936851705824, 1.5768329522439413, 1.5619472690990992, 1.5247162963662828, 1.5644400375229972, 1.5087081364222936, 1.4841307529381342, 1.4059190388236726, 1.4050223124878747, 1.3690857770187514, 1.3729230527366911, 1.2958201340266637, 1.3112901555640357, 1.2907153442502022, 1.2737121007272176, 1.2075905874371529, 1.191982549216066, 1.1424929627350398, 1.1298264296991485, 1.132889673113823, 1.1097552584750312, 1.0565062761306763, 1.0817116956625665, 1.027212530374527, 0.997122908277171, 0.9317907105599131, 0.9883830696344376, 0.9454004317522049, 0.9105263666382858, 0.8402222033057895, 0.8776539659925869], "val_loss": [2.298395792643229, 2.2901220122973123, 2.2869973381360373, 2.2665300369262695, 2.258957266807556, 2.235723316669464, 2.2288182576497397, 2.220031261444092, 2.233254055182139, 2.2114926973978677, 2.201435367266337, 2.1978640953699746, 2.187813311815262, 2.172270913918813, 2.1566138565540314, 2.166445126136144, 2.159686436255773, 2.162339001893997, 2.162730425596237, 2.1397486527760825, 2.1735353767871857, 2.138933261235555, 2.158141831556956, 2.1389475663503013, 2.143380085627238, 2.145045191049576, 2.136739949385325, 2.142929712931315, 2.153370906909307, 2.1250295837720237, 2.1253338356812796, 2.137991656859716, 2.1190527776877084, 2.1426566441853843, 2.1556290288766227, 2.114811430374781, 2.0893764197826385, 2.1674910386403403, 2.137404610713323, 2.1370832125345864, 2.1602745155493417, 2.179881771405538, 2.204585293928782, 2.190604875485102, 2.26994726061821, 2.30382576584816, 2.2928792536258698, 2.2622355024019876, 2.2451443870862327, 2.1894839803377786, 2.2774911721547446, 2.2341683208942413, 2.4184995591640472, 2.25452983379364, 2.380095660686493, 2.3669526676336923, 2.4712876776854196, 2.3847020467122397, 2.4087109367052713, 2.4383429189523063, 2.430314769347509, 2.509959797064463, 2.388372391462326, 2.4994141360123954, 2.6505931615829468, 2.516272763411204, 2.580204596122106, 2.439131945371628, 2.6511441667874656, 2.589622884988785, 2.711107869942983, 2.6252206762631736, 2.788251539071401, 2.7368142505486808, 2.91585365931193, 2.727419356505076, 2.8223052620887756, 2.751675138870875, 2.996253381172816, 2.962794999281565], "train_acc": [0.0940123125910759, 0.12982653081417084, 0.1203133761882782, 0.14325685799121857, 0.1477336287498474, 0.1628427505493164, 0.16116395592689514, 0.15109121799468994, 0.17011751234531403, 0.15948517620563507, 0.1768326759338379, 0.17627307772636414, 0.1740346997976303, 0.1992165595293045, 0.1779518723487854, 0.22160044312477112, 0.20649132132530212, 0.21600447595119476, 0.2193620651960373, 0.20872971415519714, 0.23391158878803253, 0.2143256813287735, 0.2204812467098236, 0.24230554699897766, 0.24622271955013275, 0.25237828493118286, 0.2568550705909729, 0.26748740673065186, 0.27140459418296814, 0.2708449959754944, 0.2881925106048584, 0.2742025852203369, 0.29770565032958984, 0.3010632395744324, 0.3122551739215851, 0.3111359775066376, 0.3223279118537903, 0.3346390724182129, 0.32512590289115906, 0.353105753660202, 0.34247341752052307, 0.3497481942176819, 0.36653608083724976, 0.39899271726608276, 0.39059877395629883, 0.3933967649936676, 0.4085058867931366, 0.428651362657547, 0.41410183906555176, 0.42137661576271057, 0.4532736539840698, 0.45551201701164246, 0.45551201701164246, 0.46278679370880127, 0.47453832626342773, 0.47789591550827026, 0.5047565698623657, 0.5103525519371033, 0.5215445160865784, 0.5165081024169922, 0.5551202893257141, 0.5388919711112976, 0.5506435632705688, 0.5629546642303467, 0.5870173573493958, 0.5769445896148682, 0.6043648719787598, 0.6222719550132751, 0.5970900654792786, 0.6177951693534851, 0.6368215084075928, 0.6267487406730652, 0.6564074158668518, 0.6614437699317932, 0.6860660314559937, 0.6580861806869507, 0.6832680702209473, 0.6905428171157837, 0.7118074893951416, 0.7056519389152527], "val_acc": [0.13648293912410736, 0.15223097801208496, 0.1312336027622223, 0.1469816267490387, 0.1548556387424469, 0.17322835326194763, 0.18897637724876404, 0.15748031437397003, 0.1706036776304245, 0.2020997405052185, 0.1706036776304245, 0.1784776896238327, 0.18372704088687897, 0.19160105288028717, 0.19947506487369537, 0.19160105288028717, 0.19685038924217224, 0.21259842813014984, 0.22309711575508118, 0.22047244012355804, 0.1942257285118103, 0.20472441613674164, 0.19947506487369537, 0.22309711575508118, 0.2335958033800125, 0.23622047901153564, 0.22834645211696625, 0.22309711575508118, 0.2099737524986267, 0.23097112774848938, 0.2257217913866043, 0.2335958033800125, 0.24146981537342072, 0.1942257285118103, 0.2335958033800125, 0.23097112774848938, 0.24146981537342072, 0.23884513974189758, 0.2335958033800125, 0.21522310376167297, 0.21522310376167297, 0.23097112774848938, 0.23622047901153564, 0.23097112774848938, 0.2099737524986267, 0.19685038924217224, 0.21522310376167297, 0.22309711575508118, 0.22309711575508118, 0.254593163728714, 0.2257217913866043, 0.2572178542613983, 0.22309711575508118, 0.254593163728714, 0.20734907686710358, 0.22834645211696625, 0.22309711575508118, 0.2178477644920349, 0.2099737524986267, 0.2335958033800125, 0.1942257285118103, 0.20734907686710358, 0.25196850299835205, 0.2335958033800125, 0.2624672055244446, 0.22309711575508118, 0.24934382736682892, 0.23097112774848938, 0.254593163728714, 0.23884513974189758, 0.24934382736682892, 0.24409449100494385, 0.2335958033800125, 0.22834645211696625, 0.24146981537342072, 0.22309711575508118, 0.24671916663646698, 0.2650918662548065, 0.2335958033800125, 0.19685038924217224]}