{"train_loss": [2.299201565129416, 2.290761560201645, 2.286151702914919, 2.2809281519481113, 2.2759005555084775, 2.2692663882459914, 2.2639634055750713, 2.25430890917778, 2.2441272224698747, 2.252216394458498, 2.2400269508361816, 2.2394094424588338, 2.233186904873167, 2.210511497088841, 2.205470847232001, 2.223094471863338, 2.199997454881668, 2.197808252913611, 2.194089310509818, 2.2013737899916515, 2.1813963651657104, 2.176161685160228, 2.167355579989297, 2.156374086226736, 2.16220917233399, 2.1496150067874362, 2.1656544485262463, 2.148882814816066, 2.1340699025562833, 2.1313290957893645, 2.1221780670540675, 2.1239631303719113, 2.09638606437615, 2.1112577446869443, 2.110480453286852, 2.0751678219863345, 2.073491875614439, 2.0716103932687213, 2.074619093111583, 2.039810014622552, 2.0628320638622557, 2.0278599049363817, 2.032418972679547, 2.0275441067559377, 2.0176528011049544, 2.010824808052608, 1.995949542948178, 1.9702707869665963, 1.9595138813768114, 1.962295413017273, 1.9601071391786848, 1.9161916907344545, 1.9192219057253428, 1.9310237360852105, 1.906575077346393, 1.8762726805039815, 1.8845075454030717, 1.885748382125582, 1.8552277982234955, 1.8337009804589408, 1.8383085195507323, 1.8305452934333257, 1.8127287094082152, 1.7791415261370795, 1.7721584630864007, 1.7503531745501928, 1.7722698492663247, 1.7446287189211165, 1.6883327662944794, 1.715168563382966, 1.6670320353337698, 1.6603366455861501, 1.6253744534083776, 1.6345115985189165, 1.6325178210224425, 1.6131833216973714, 1.6103397756814957, 1.5867509011711394, 1.5585116297006607, 1.5697498193808965], "val_loss": [2.2892263929049173, 2.2721962134043374, 2.2524554332097373, 2.2499393423398337, 2.2439366579055786, 2.2278814117113748, 2.2225142121315002, 2.2099268436431885, 2.2129030327002206, 2.2287210524082184, 2.1958894530932107, 2.200119982163111, 2.1719444493452706, 2.181457668542862, 2.1863960325717926, 2.1882272362709045, 2.185244530439377, 2.1595104535420737, 2.1768341263135276, 2.169855753580729, 2.1663264532883963, 2.170008401075999, 2.1912737091382346, 2.1547902524471283, 2.15133927265803, 2.166633586088816, 2.1411406993865967, 2.1391107738018036, 2.1359150310357413, 2.1439924935499826, 2.1355353792508445, 2.135927230119705, 2.1780445178349814, 2.1469865242640176, 2.1362969179948172, 2.1365215480327606, 2.16207883755366, 2.130081375439962, 2.1352504591147103, 2.1233260333538055, 2.180309851964315, 2.1398321290810904, 2.148446172475815, 2.152112384637197, 2.1351109047730765, 2.153235763311386, 2.1447389225165048, 2.146618753671646, 2.155276983976364, 2.1652228434880576, 2.1432831088701882, 2.2026838262875876, 2.1792646646499634, 2.1646792193253837, 2.2111975053946176, 2.209484656651815, 2.1602314511934915, 2.277546544869741, 2.235191543896993, 2.1916478276252747, 2.3177180091540017, 2.203451544046402, 2.1957305868466697, 2.290997435649236, 2.276750405629476, 2.2801570296287537, 2.227016200621923, 2.305242419242859, 2.3085439006487527, 2.3510857621828714, 2.318168133497238, 2.325225830078125, 2.2889230052630105, 2.390596777200699, 2.334524840116501, 2.393005460500717, 2.3399331271648407, 2.413387248913447, 2.384752541780472, 2.426955074071884], "train_acc": [0.10688304156064987, 0.11415780335664749, 0.13598209619522095, 0.13710129261016846, 0.14493565261363983, 0.1466144323348999, 0.15109121799468994, 0.17067711055278778, 0.1768326759338379, 0.16452154517173767, 0.1779518723487854, 0.17347510159015656, 0.1740346997976303, 0.182988241314888, 0.1891438215970993, 0.17627307772636414, 0.19977615773677826, 0.18970341980457306, 0.19753777980804443, 0.19529938697814941, 0.21096810698509216, 0.21656407415866852, 0.21208730340003967, 0.2143256813287735, 0.22495803236961365, 0.21768327057361603, 0.21600447595119476, 0.23391158878803253, 0.2204812467098236, 0.23503078520298004, 0.23838835954666138, 0.2367095649242401, 0.24846111238002777, 0.23335199058055878, 0.23894795775413513, 0.2506994903087616, 0.2568550705909729, 0.25237828493118286, 0.2546166777610779, 0.26245102286338806, 0.24230554699897766, 0.27476218342781067, 0.27028539776802063, 0.2758813798427582, 0.2742025852203369, 0.28259652853012085, 0.29266926646232605, 0.28763291239738464, 0.29490765929222107, 0.2909905016422272, 0.2943480610847473, 0.3245663046836853, 0.31001678109169006, 0.3212087154388428, 0.3184107542037964, 0.3480693995952606, 0.33016228675842285, 0.3167319595813751, 0.3329602777957916, 0.34639060497283936, 0.3486289978027344, 0.3547845482826233, 0.3609401285648346, 0.36149972677230835, 0.37381085753440857, 0.36653608083724976, 0.37157246470451355, 0.3945159614086151, 0.411303848028183, 0.38780078291893005, 0.41913822293281555, 0.41018468141555786, 0.41298264265060425, 0.4236150085926056, 0.4336877465248108, 0.42529380321502686, 0.4325685501098633, 0.44152209162712097, 0.4409624934196472, 0.47174033522605896], "val_acc": [0.12335958331823349, 0.15223097801208496, 0.1706036776304245, 0.17585301399230957, 0.1942257285118103, 0.19685038924217224, 0.18897637724876404, 0.1863517016172409, 0.18110236525535583, 0.16010499000549316, 0.19685038924217224, 0.18110236525535583, 0.21259842813014984, 0.2020997405052185, 0.18110236525535583, 0.19160105288028717, 0.19685038924217224, 0.18897637724876404, 0.1942257285118103, 0.2020997405052185, 0.21522310376167297, 0.18372704088687897, 0.2020997405052185, 0.2099737524986267, 0.22047244012355804, 0.22309711575508118, 0.2178477644920349, 0.22047244012355804, 0.19685038924217224, 0.2178477644920349, 0.23622047901153564, 0.21522310376167297, 0.22047244012355804, 0.24409449100494385, 0.24671916663646698, 0.23884513974189758, 0.19947506487369537, 0.2335958033800125, 0.24934382736682892, 0.23884513974189758, 0.2020997405052185, 0.23622047901153564, 0.2178477644920349, 0.22309711575508118, 0.24146981537342072, 0.21259842813014984, 0.24934382736682892, 0.20734907686710358, 0.25196850299835205, 0.2335958033800125, 0.22309711575508118, 0.21522310376167297, 0.24671916663646698, 0.22834645211696625, 0.2178477644920349, 0.23884513974189758, 0.23622047901153564, 0.22047244012355804, 0.2335958033800125, 0.24409449100494385, 0.2335958033800125, 0.23622047901153564, 0.23622047901153564, 0.22309711575508118, 0.22309711575508118, 0.24409449100494385, 0.23097112774848938, 0.23884513974189758, 0.24409449100494385, 0.2099737524986267, 0.2257217913866043, 0.23097112774848938, 0.23622047901153564, 0.23622047901153564, 0.25984251499176025, 0.23097112774848938, 0.2572178542613983, 0.2572178542613983, 0.24934382736682892, 0.2572178542613983]}