{"train_loss": [2.3021969326904843, 2.295221371310098, 2.284022710153035, 2.2761595291750774, 2.2702833541802, 2.2577666214534213, 2.253112473658153, 2.246426876102175, 2.241793202502387, 2.2330334271703447, 2.227141857147217, 2.2147900802748546, 2.203315998826708, 2.1905269750526974, 2.1713405272790363, 2.17875788467271, 2.160500788262912, 2.1497583155121123, 2.136775702238083, 2.1204160856349126, 2.1091120881693706, 2.100251940744264, 2.084604412317276, 2.0542741545609067, 2.0567062199115753, 2.037303341286523, 1.9917515984603338, 2.00467312335968, 1.9857027786118644, 1.9524803587368555, 1.9305269782032286, 1.8906986159937722, 1.8800774770123618, 1.8658474747623717, 1.854434351835932, 1.7797828039952688, 1.7544413379260473, 1.7172140032052994, 1.6862890486206328, 1.665970231805529, 1.647087688956942, 1.5954373968499047, 1.563702444945063, 1.5744205053363527, 1.4788017932857787, 1.48826265335083, 1.394215932914189, 1.3917203726513045, 1.3654933699539729, 1.299631087907723, 1.2823636020932878, 1.1635861779962267, 1.2158424385956355, 1.1580788205776895, 1.1308457957846778, 1.033253119460174, 1.0162686758807726, 0.9760283157229424, 1.0355247227208955, 0.9765890091657639, 0.8958146018641335, 0.8437128572591713, 0.7701822242566517, 0.7866743787058762, 0.8349736891686916, 0.7350481258971351, 0.6759890541434288, 0.6961792281695774, 0.6150059646793774, 0.6219908557832241, 0.6375082768499851, 0.6246767432561943, 0.5860180514199393, 0.5104024522006512, 0.5887179143194642, 0.6268565846340997, 0.56013886736972, 0.44657605966287, 0.5295227401490722, 0.45554232836834024], "val_loss": [2.292083998521169, 2.2803693413734436, 2.257818251848221, 2.24610968430837, 2.252293328444163, 2.2226508259773254, 2.2229093511899314, 2.2081248462200165, 2.197997202475866, 2.2059290409088135, 2.170506238937378, 2.194272647301356, 2.1865108609199524, 2.1628732283910117, 2.1702902813752494, 2.188384622335434, 2.1458810369173684, 2.1636838813622794, 2.143122524023056, 2.171722322702408, 2.1553459564844766, 2.144052396217982, 2.1684997181097665, 2.1386136611302695, 2.1292082170645394, 2.1454646984736123, 2.149521996577581, 2.151273767153422, 2.1412571569283805, 2.143255045016607, 2.141033560037613, 2.219061861435572, 2.142920215924581, 2.158310910065969, 2.122033327817917, 2.187289237976074, 2.1618863145510354, 2.204261432091395, 2.2738595406214395, 2.2744551400343576, 2.279830018679301, 2.2587494353453317, 2.306936959425608, 2.3506472210089364, 2.374933381875356, 2.3527895907560983, 2.3696746826171875, 2.3895365496476493, 2.4179894228776297, 2.4328103760878244, 2.5095637341340384, 2.4955999652544656, 2.64685927828153, 2.5456414918104806, 2.6252269744873047, 2.705992420514425, 2.6797142823537192, 2.685208261013031, 2.7463989655176797, 2.908471385637919, 2.8111464182535806, 3.0785096685091653, 3.2465872367223105, 3.2501539091269174, 3.2651051779588065, 3.0997996032238007, 3.041972577571869, 3.160285472869873, 3.3403851091861725, 3.5378841360410056, 3.4822816054026284, 3.537413994471232, 3.480336387952169, 4.09897913535436, 3.5708235800266266, 3.4340075254440308, 3.4861008723576865, 4.237701177597046, 3.562683254480362, 3.9652795692284903], "train_acc": [0.1052042543888092, 0.11863458156585693, 0.13822047412395477, 0.13486289978027344, 0.15612758696079254, 0.1606043577194214, 0.15836597979068756, 0.16452154517173767, 0.16731953620910645, 0.17123670876026154, 0.17963066697120667, 0.19362059235572815, 0.2031337469816208, 0.2092893123626709, 0.20257414877414703, 0.19697818160057068, 0.21376608312129974, 0.22719642519950867, 0.23838835954666138, 0.2395075559616089, 0.23894795775413513, 0.25349748134613037, 0.2557358741760254, 0.26357021927833557, 0.26245102286338806, 0.2781197428703308, 0.28371572494506836, 0.28987130522727966, 0.2993844449520111, 0.29770565032958984, 0.3234471082687378, 0.3268046975135803, 0.3273642957210541, 0.3458310067653656, 0.3519865572452545, 0.3794068396091461, 0.39283716678619385, 0.39675432443618774, 0.4057078957557678, 0.40290990471839905, 0.428651362657547, 0.42809176445007324, 0.45159485936164856, 0.46278679370880127, 0.4773363173007965, 0.4834918975830078, 0.5148293375968933, 0.5198656916618347, 0.5288192629814148, 0.5523223280906677, 0.5685506463050842, 0.5875769257545471, 0.5892557501792908, 0.5965304970741272, 0.6066032648086548, 0.6284275054931641, 0.6485730409622192, 0.6670397520065308, 0.6519306302070618, 0.6631225347518921, 0.6922215819358826, 0.7140458822250366, 0.7369893789291382, 0.7375489473342896, 0.721320629119873, 0.7431449294090271, 0.7610520720481873, 0.76217120885849, 0.7963066697120667, 0.7935086488723755, 0.7940682768821716, 0.7940682768821716, 0.7918298840522766, 0.8276441097259521, 0.8047006130218506, 0.7901511192321777, 0.816452145576477, 0.8393956422805786, 0.8209289312362671, 0.8489087820053101], "val_acc": [0.11811023950576782, 0.18110236525535583, 0.1863517016172409, 0.18897637724876404, 0.18897637724876404, 0.19685038924217224, 0.1784776896238327, 0.16535432636737823, 0.2099737524986267, 0.1942257285118103, 0.1942257285118103, 0.19947506487369537, 0.19160105288028717, 0.2020997405052185, 0.21522310376167297, 0.2020997405052185, 0.19947506487369537, 0.22047244012355804, 0.22834645211696625, 0.19685038924217224, 0.22309711575508118, 0.21259842813014984, 0.22047244012355804, 0.22834645211696625, 0.25196850299835205, 0.23622047901153564, 0.24671916663646698, 0.2624672055244446, 0.23884513974189758, 0.24671916663646698, 0.24409449100494385, 0.24146981537342072, 0.23097112774848938, 0.25196850299835205, 0.2572178542613983, 0.2257217913866043, 0.24671916663646698, 0.25196850299835205, 0.23622047901153564, 0.2335958033800125, 0.22834645211696625, 0.24934382736682892, 0.2099737524986267, 0.21259842813014984, 0.21522310376167297, 0.23622047901153564, 0.22309711575508118, 0.24409449100494385, 0.23884513974189758, 0.20472441613674164, 0.24146981537342072, 0.278215229511261, 0.21259842813014984, 0.24409449100494385, 0.2624672055244446, 0.23097112774848938, 0.24146981537342072, 0.254593163728714, 0.22047244012355804, 0.24146981537342072, 0.23884513974189758, 0.24409449100494385, 0.21259842813014984, 0.24934382736682892, 0.24934382736682892, 0.25984251499176025, 0.25196850299835205, 0.2335958033800125, 0.254593163728714, 0.2335958033800125, 0.22834645211696625, 0.24146981537342072, 0.2335958033800125, 0.24409449100494385, 0.22309711575508118, 0.23097112774848938, 0.24934382736682892, 0.23884513974189758, 0.23884513974189758, 0.25196850299835205]}