{"train_loss": [2.3018374059881483, 2.2946544757911136, 2.282630686249052, 2.2702139786311557, 2.2585380758558, 2.2499379430498396, 2.243535931621279, 2.2336804143020084, 2.2199669778347015, 2.217915666954858, 2.2274094138826643, 2.207055768796376, 2.1843515379088267, 2.1908445060253143, 2.1811733692884445, 2.1765590522970473, 2.1472997537681033, 2.15341041130679, 2.1333139560052325, 2.113837154848235, 2.0862489151103154, 2.0945789452110017, 2.0603305058819905, 2.067070437329156, 2.041258460709027, 2.023898128952299, 1.9981365480593272, 1.9725787490606308, 1.981921489749636, 1.9457860738039017, 1.9491433543818337, 1.8771845634494508, 1.8915242786918367, 1.8769772606236594, 1.8030621409416199, 1.8166844695806503, 1.7664279213973455, 1.7259808757475443, 1.7004631331988744, 1.6745560616254807, 1.6473863912480218, 1.6157410889863968, 1.5368921565158027, 1.4979396505015237, 1.5168383696249552, 1.4313030721885818, 1.3656003709350313, 1.3477289942758424, 1.3032677141683442, 1.284579751746995], "val_loss": [2.2922576467196145, 2.2806467413902283, 2.2559611996014914, 2.241517722606659, 2.233336647351583, 2.2142972350120544, 2.2158356408278146, 2.2095950146516166, 2.1855284571647644, 2.1865565280119577, 2.214125474294027, 2.1991316378116608, 2.176095485687256, 2.180969387292862, 2.186927745739619, 2.1791279117266336, 2.150487780570984, 2.142027030388514, 2.152347187201182, 2.145250360171, 2.1496863861878714, 2.1117676496505737, 2.151772807041804, 2.1461775799592337, 2.1212215522925058, 2.1835641960302987, 2.132303843895594, 2.1462358037630715, 2.108882268269857, 2.1052613059679666, 2.1665887236595154, 2.1677124202251434, 2.1902123292287192, 2.1372321248054504, 2.1522527734438577, 2.2006152669588723, 2.188875218232473, 2.2316556870937347, 2.2566370368003845, 2.1846962571144104, 2.2269540329774222, 2.3047670225302377, 2.2721654971440635, 2.4138874212900796, 2.4830634593963623, 2.3039846817652383, 2.4326634407043457, 2.4364262024561563, 2.473736266295115, 2.5934641559918723], "train_acc": [0.11695579439401627, 0.13206490874290466, 0.13878007233142853, 0.14717403054237366, 0.16004477441310883, 0.16396194696426392, 0.17067711055278778, 0.17739227414131165, 0.18858422338962555, 0.19585898518562317, 0.16899831593036652, 0.1880246251821518, 0.19977615773677826, 0.20649132132530212, 0.21208730340003967, 0.2081701159477234, 0.22831560671329498, 0.2243984341621399, 0.2316731959581375, 0.23223279416561127, 0.2546166777610779, 0.2445439249277115, 0.28147733211517334, 0.2641298174858093, 0.27252379059791565, 0.28035813570022583, 0.27476218342781067, 0.30665919184684753, 0.3010632395744324, 0.29770565032958984, 0.30777838826179504, 0.33407947421073914, 0.3357582688331604, 0.3357582688331604, 0.3782876431941986, 0.3721320629119873, 0.3743704557418823, 0.3995523154735565, 0.411303848028183, 0.413542240858078, 0.4370453357696533, 0.4325685501098633, 0.46446558833122253, 0.48684945702552795, 0.4801343083381653, 0.5041970014572144, 0.5293788313865662, 0.5472859740257263, 0.5383324027061462, 0.5607162714004517], "val_acc": [0.1706036776304245, 0.1627296656370163, 0.18110236525535583, 0.17585301399230957, 0.2020997405052185, 0.19685038924217224, 0.1942257285118103, 0.18372704088687897, 0.21259842813014984, 0.1942257285118103, 0.18110236525535583, 0.19947506487369537, 0.20734907686710358, 0.22047244012355804, 0.18110236525535583, 0.19685038924217224, 0.21259842813014984, 0.19685038924217224, 0.22047244012355804, 0.2257217913866043, 0.2257217913866043, 0.24409449100494385, 0.23097112774848938, 0.21259842813014984, 0.23622047901153564, 0.2178477644920349, 0.21522310376167297, 0.21522310376167297, 0.2335958033800125, 0.24671916663646698, 0.24671916663646698, 0.20734907686710358, 0.22309711575508118, 0.22834645211696625, 0.25196850299835205, 0.23622047901153564, 0.2572178542613983, 0.23097112774848938, 0.24409449100494385, 0.24146981537342072, 0.2335958033800125, 0.23622047901153564, 0.2257217913866043, 0.25196850299835205, 0.23622047901153564, 0.254593163728714, 0.23884513974189758, 0.25984251499176025, 0.24146981537342072, 0.22834645211696625]}