{"train_loss": [2.299817979335785, 2.2878322388444627, 2.277517007929938, 2.2717470782143727, 2.2677933744021823, 2.266017722232001, 2.2582652270793915, 2.2519942947796414, 2.2527420818805695, 2.23588199700628, 2.2343647522585734, 2.225293857710702, 2.21010365656444, 2.209313941853387, 2.184048341853278, 2.1790752027715956, 2.173169570309775, 2.1560540348291397, 2.1421667635440826, 2.1415458619594574, 2.116993318711008, 2.116957719836916, 2.0816706312554225, 2.0895675889083316, 2.062203254018511, 2.0274644238608226, 2.0013622300965443, 1.9879047444888525, 1.9705131202936172, 1.9515249516282762, 1.9086586769138063, 1.851046472787857, 1.8183674471718925, 1.8010224997997284, 1.7405151746102743, 1.6959417909383774, 1.643754509942872, 1.594081855245999, 1.513610526919365, 1.4505623579025269, 1.3621125253183501, 1.3770679107734136, 1.3306215128728323, 1.2329817616513796, 1.1132327392697334, 1.0906185901590757, 0.995931476354599, 1.0009658262133598, 0.8986511294330869, 0.8575242289475032], "val_loss": [2.2870073318481445, 2.267758548259735, 2.253610988457998, 2.242345849672953, 2.2345112363497415, 2.231584886709849, 2.2280123432477317, 2.236947258313497, 2.2087590793768563, 2.198457549015681, 2.184858202934265, 2.2025934060414634, 2.1806417802969613, 2.187317838271459, 2.2037837704022727, 2.163872629404068, 2.1649748186270394, 2.1667518417040506, 2.1678588688373566, 2.1609452863534293, 2.193444083134333, 2.145566940307617, 2.147483547528585, 2.1379814048608146, 2.140664388736089, 2.117242614428202, 2.154185046752294, 2.1527125438054404, 2.1241279542446136, 2.14493993918101, 2.144149273633957, 2.1129163106282554, 2.1598284443219504, 2.1519327958424888, 2.229237804810206, 2.272074689467748, 2.2306294540564218, 2.3155124286810556, 2.345215449730555, 2.3533305128415427, 2.4878153999646506, 2.5001782178878784, 2.4774432877699533, 2.57519668340683, 2.689463416735331, 2.6993760764598846, 2.7556177278359733, 2.583598017692566, 2.8685175677140555, 2.837849775950114], "train_acc": [0.10464465618133545, 0.1264689415693283, 0.14885282516479492, 0.14829322695732117, 0.15388919413089752, 0.14997202157974243, 0.16731953620910645, 0.16899831593036652, 0.16228315234184265, 0.182988241314888, 0.18074986338615417, 0.18970341980457306, 0.18466703593730927, 0.19529938697814941, 0.20761051774024963, 0.2042529433965683, 0.20649132132530212, 0.20593172311782837, 0.24342472851276398, 0.2266368269920349, 0.24230554699897766, 0.2406267523765564, 0.2596530616283417, 0.24398432672023773, 0.26357021927833557, 0.27476218342781067, 0.2781197428703308, 0.30274203419685364, 0.3005036413669586, 0.31169557571411133, 0.3296026885509491, 0.3447118103504181, 0.35926133394241333, 0.38388359546661377, 0.3872411847114563, 0.3973139226436615, 0.4258533716201782, 0.4236150085926056, 0.48796865344047546, 0.493564635515213, 0.5265808701515198, 0.5036373734474182, 0.5400111675262451, 0.5707890391349792, 0.6340234875679016, 0.6133183836936951, 0.6569669842720032, 0.6508114337921143, 0.6927812099456787, 0.7095690965652466], "val_acc": [0.11548556387424469, 0.17322835326194763, 0.1548556387424469, 0.1784776896238327, 0.19685038924217224, 0.1942257285118103, 0.18897637724876404, 0.1627296656370163, 0.19947506487369537, 0.2020997405052185, 0.19685038924217224, 0.1942257285118103, 0.2178477644920349, 0.20472441613674164, 0.18110236525535583, 0.18372704088687897, 0.18372704088687897, 0.21522310376167297, 0.20734907686710358, 0.22309711575508118, 0.1942257285118103, 0.2020997405052185, 0.1863517016172409, 0.2257217913866043, 0.22309711575508118, 0.2335958033800125, 0.24409449100494385, 0.21522310376167297, 0.2257217913866043, 0.24146981537342072, 0.24146981537342072, 0.25984251499176025, 0.23622047901153564, 0.23622047901153564, 0.19947506487369537, 0.22309711575508118, 0.22834645211696625, 0.2257217913866043, 0.24671916663646698, 0.2257217913866043, 0.21522310376167297, 0.22047244012355804, 0.24146981537342072, 0.22047244012355804, 0.2257217913866043, 0.24146981537342072, 0.24671916663646698, 0.23884513974189758, 0.2178477644920349, 0.254593163728714]}