{"train_loss": [2.300925080265318, 2.2992698337350572, 2.2978145267282213, 2.2961821215493337, 2.2956288967813765, 2.294479272195271, 2.2926303148269653, 2.2922463842800687, 2.289587527513504, 2.287845952170236, 2.28668942621776, 2.284058081252234, 2.2828709525721416, 2.2799040462289537, 2.2769125189099992, 2.2748904483658925, 2.2739005173955644, 2.270157494715282, 2.2651590577193668, 2.2655623810631886, 2.263713466269629, 2.2628475299903323, 2.255712832723345, 2.259589731693268, 2.259159790618079, 2.2514947397368297, 2.2502422290188924, 2.2523523781980788, 2.2513651932988847, 2.250260212591716], "val_loss": [2.2996313174565635, 2.2977795402208963, 2.2960835496584573, 2.2944605549176535, 2.293004870414734, 2.291421433289846, 2.2896687388420105, 2.2880454858144126, 2.2858084440231323, 2.2829461097717285, 2.2803024649620056, 2.27674929300944, 2.272845367590586, 2.2686466773351035, 2.2639605005582175, 2.2594890793164573, 2.2557984391848245, 2.2516147792339325, 2.248091479142507, 2.2447425524393716, 2.242095649242401, 2.240204334259033, 2.236536920070648, 2.235588292280833, 2.233908196290334, 2.2312704622745514, 2.2284003694852195, 2.2271818617979684, 2.225063363711039, 2.2239664991696677], "train_acc": [0.10744263976812363, 0.10072747617959976, 0.11863458156585693, 0.11863458156585693, 0.12311135977506638, 0.11919417977333069, 0.12814773619174957, 0.12199216336011887, 0.13486289978027344, 0.13878007233142853, 0.1466144323348999, 0.14213766157627106, 0.14437605440616608, 0.14437605440616608, 0.14885282516479492, 0.1466144323348999, 0.14941242337226868, 0.1527700126171112, 0.15332959592342377, 0.1516508162021637, 0.14605483412742615, 0.1628427505493164, 0.16452154517173767, 0.15109121799468994, 0.16452154517173767, 0.15892557799816132, 0.17515389621257782, 0.17459429800510406, 0.16396194696426392, 0.16452154517173767], "val_acc": [0.09711286425590515, 0.10761155188083649, 0.10761155188083649, 0.09448818862438202, 0.10498687624931335, 0.11286089569330215, 0.11286089569330215, 0.1469816267490387, 0.1548556387424469, 0.16010499000549316, 0.17322835326194763, 0.1784776896238327, 0.18110236525535583, 0.18372704088687897, 0.19685038924217224, 0.18897637724876404, 0.18897637724876404, 0.18110236525535583, 0.19160105288028717, 0.18372704088687897, 0.18372704088687897, 0.19160105288028717, 0.19685038924217224, 0.1942257285118103, 0.20472441613674164, 0.2020997405052185, 0.20472441613674164, 0.2020997405052185, 0.2099737524986267, 0.21259842813014984]}