{"train_loss": [2.301915726491383, 2.292123164449419, 2.285863676241466, 2.273042563881193, 2.269110803093229, 2.258853933640889, 2.252255690949304, 2.2381011886256084, 2.232676246336528, 2.220857424395425, 2.211898680244173, 2.1932037813322887, 2.1957336153302873, 2.186885667698724, 2.1776372960635593, 2.1621830633708408, 2.1479570737906863, 2.128501379064151, 2.1421863606997897, 2.1207707013402666, 2.1110990600926534, 2.1004838986056193, 2.09774164216859, 2.072816865784781, 2.040107092687062, 2.0395422066961015, 2.002325660416058, 1.9949941422258104, 1.9926027144704546, 1.939826135124479], "val_loss": [2.291928470134735, 2.276377558708191, 2.260524253050486, 2.2341534992059073, 2.2328725457191467, 2.2156136433283486, 2.2148901224136353, 2.204974263906479, 2.2043737173080444, 2.191948393980662, 2.182158201932907, 2.1674814323584237, 2.188550035158793, 2.1745571295420327, 2.1540860335032144, 2.162063330411911, 2.1700719694296517, 2.1622422536214194, 2.1486500104268393, 2.1514306465784707, 2.160870452721914, 2.1461560328801474, 2.134610195954641, 2.147214869658152, 2.1225253442923226, 2.1351199547449746, 2.125102013349533, 2.125305086374283, 2.14796374241511, 2.1267846326033273], "train_acc": [0.10184667259454727, 0.13262450695037842, 0.1365416944026947, 0.14997202157974243, 0.16955791413784027, 0.16731953620910645, 0.17347510159015656, 0.16508114337921143, 0.18186905980110168, 0.182988241314888, 0.19529938697814941, 0.20257414877414703, 0.19753777980804443, 0.20201455056667328, 0.21208730340003967, 0.21768327057361603, 0.2193620651960373, 0.24398432672023773, 0.23279239237308502, 0.24622271955013275, 0.24006715416908264, 0.24230554699897766, 0.24286513030529022, 0.25741466879844666, 0.26357021927833557, 0.26748740673065186, 0.2943480610847473, 0.2904309034347534, 0.2932288646697998, 0.29658645391464233], "val_acc": [0.1627296656370163, 0.1706036776304245, 0.17322835326194763, 0.1706036776304245, 0.19947506487369537, 0.20734907686710358, 0.21522310376167297, 0.20734907686710358, 0.1863517016172409, 0.20472441613674164, 0.19685038924217224, 0.2020997405052185, 0.23097112774848938, 0.1863517016172409, 0.22834645211696625, 0.20734907686710358, 0.1784776896238327, 0.19947506487369537, 0.19947506487369537, 0.20734907686710358, 0.2178477644920349, 0.19160105288028717, 0.2099737524986267, 0.2020997405052185, 0.23097112774848938, 0.22834645211696625, 0.2335958033800125, 0.24409449100494385, 0.2257217913866043, 0.25196850299835205]}