{"train_loss": [2.3018917526517595, 2.2792792235101973, 2.2632718895162856, 2.2553520372935703, 2.2321377226284573, 2.220132499933243, 2.205986814839499, 2.180812976190022, 2.1528198271989822, 2.1187683812209537, 2.097366209541048, 2.0756059544427052, 2.039389416575432, 1.9944759117705482, 1.9856575429439545, 1.928967507822173, 1.8556297570466995, 1.7843713398490633, 1.7651599177292414, 1.705175178391593, 1.621403021471841, 1.5870289632252284, 1.5089283670697893, 1.4289856616939818, 1.3655897304415703, 1.3191686357770647, 1.243559554219246, 1.2094027932201112, 1.159857138991356, 1.0290756108505386, 1.064659561429705, 0.9428423078996795, 0.9388372802308628, 0.858431767140116, 0.8142823348087924, 0.7939619533717632, 0.7139410961951528, 0.70893687329122, 0.682336367134537, 0.6785368557487216, 0.6265322363802365, 0.5977668017148972, 0.5517683689083371, 0.5435607127313103, 0.508781584245818, 0.4821115282497236, 0.4914230001824243, 0.460549353488854, 0.45898182184568476, 0.41643797340137617], "val_loss": [2.2717884381612143, 2.2413459916909537, 2.2571204702059426, 2.2187456289927163, 2.19715146223704, 2.1752388576666513, 2.2010259131590524, 2.191476066907247, 2.1831474204858146, 2.146490752696991, 2.173635015885035, 2.180496484041214, 2.126021017630895, 2.161560128132502, 2.1837838093439736, 2.1910834511121116, 2.1851931711037955, 2.1896731654802957, 2.237353026866913, 2.222566097974777, 2.318921238183975, 2.304045726855596, 2.340066969394684, 2.4570672512054443, 2.5193827152252197, 2.598185737927755, 2.609734167655309, 2.6389859517415366, 2.6265708208084106, 2.870211402575175, 2.822551796833674, 3.002914468447367, 2.993036687374115, 2.9991557002067566, 3.3688580791155496, 3.3815736869970956, 3.2610544164975486, 3.3881532152493796, 3.485714624325434, 3.5531103809674582, 3.727102200190226, 3.8934710025787354, 4.213115910689036, 4.162214716275533, 4.3233988881111145, 4.088010211785634, 4.306707203388214, 4.188083112239838, 4.394719322522481, 4.804027120272319], "train_acc": [0.11359821259975433, 0.12926693260669708, 0.14941242337226868, 0.16564074158668518, 0.1717963069677353, 0.19082260131835938, 0.198097363114357, 0.20761051774024963, 0.22999440133571625, 0.2467823177576065, 0.25517627596855164, 0.26860660314559937, 0.2607722580432892, 0.2881925106048584, 0.2982652485370636, 0.3234471082687378, 0.35926133394241333, 0.3771684467792511, 0.37269166111946106, 0.413542240858078, 0.4409624934196472, 0.45439285039901733, 0.4773363173007965, 0.5058757662773132, 0.5394515991210938, 0.5405707955360413, 0.5646334886550903, 0.5791829824447632, 0.5831001400947571, 0.6362618803977966, 0.6189143657684326, 0.6642417311668396, 0.6580861806869507, 0.6983771920204163, 0.7162842750549316, 0.7174034714698792, 0.736429750919342, 0.7476217150688171, 0.7548964619636536, 0.7487409114837646, 0.7739228010177612, 0.796866238117218, 0.7985450625419617, 0.8080582022666931, 0.816452145576477, 0.824846088886261, 0.8298825025558472, 0.83995521068573, 0.8405148386955261, 0.8500279784202576], "val_acc": [0.1391076147556305, 0.18110236525535583, 0.1706036776304245, 0.18372704088687897, 0.22309711575508118, 0.19947506487369537, 0.2020997405052185, 0.1942257285118103, 0.1784776896238327, 0.22047244012355804, 0.19685038924217224, 0.21259842813014984, 0.23097112774848938, 0.24146981537342072, 0.2257217913866043, 0.2729658782482147, 0.24934382736682892, 0.24934382736682892, 0.21259842813014984, 0.23097112774848938, 0.24409449100494385, 0.21522310376167297, 0.2335958033800125, 0.2335958033800125, 0.23622047901153564, 0.20472441613674164, 0.24671916663646698, 0.2335958033800125, 0.23884513974189758, 0.22834645211696625, 0.26771652698516846, 0.2703412175178528, 0.19947506487369537, 0.2335958033800125, 0.254593163728714, 0.24409449100494385, 0.23884513974189758, 0.22834645211696625, 0.24146981537342072, 0.24409449100494385, 0.2335958033800125, 0.22047244012355804, 0.22047244012355804, 0.24934382736682892, 0.23622047901153564, 0.24146981537342072, 0.24146981537342072, 0.22047244012355804, 0.2650918662548065, 0.24409449100494385]}